﻿Designator,Footprint,Quantity,Value,LCSC Part #
C1,CP_Radial_D12.5mm_P5.00mm,1,680uF/50V,
C2,C_Radial_D4.0mm_H5.0mm_P1.50mm,1,4.7uF/50V,
C3,C_Radial_D5.0mm_H11.0mm_P2.00mm,1,10uF/50V,
C4,0805,1,4.7uF,
C5,C_Radial_D4.0mm_H7.0mm_P1.50mm,1,22uF/10V,
C6,0805,1,10uF,
D1,D_SOD-323,1,1N5819,C3033976
D2,D_SOD-123,1,BAT46W,
F1,Fuseholder_Cylinder-5x20mm_Schurter_0031_8201_Horizontal_Open,1,C3131,
"J1, J10, J11, J4, J5, J6, J7, J8, J9",WJ500V-5.08-2P,9,WJ126V-5.0-2P,
J2,Tag-Connect_TC2030-IDC-FP_2x03_P1.27mm_Vertical,1,ESP-PROG,
L1,BC54-820M,1,BC54-820M(CD),
L2,CD31,1,CD31 220M,
L3,0805,1,2.2uH,
PS1,CONV_K7805JT-500R3-LB,1,K7805JT-500R3-LB,
"Q1, Q2, Q3, Q4, Q5, Q6, Q7, Q8",SOT-23,8,2N7002P,
"R1, R11, R13, R15, R17, R2, R3, R5, R7, R9",0805,10,4.7K,
"R10, R12, R14, R16, R18, R4, R6, R8",0805,8,510R,
RV1,1206,1,SFI1206SV471-201A,
U1,ESP32-WROOM-32-0.3-via,1,ESP32-WROOM-32D,
U2,TSOT-23-5,1,"LM3671MFX-3.3/NOPB
",
